{"cameraMode":{"drawMode":0,"name":"Shaded","section":"Shading Mode"},"sceneLighting":true,"audioPlay":false,"sceneViewState":{"m_AlwaysRefresh":false,"showFog":true,"showSkybox":true,"showFlares":true,"showImageEffects":true,"showParticleSystems":true,"showVisualEffectGraphs":true,"m_FxEnabled":true},"in2DMode":false,"pivot":{"x":-0.09244322776794434,"y":0.9609847664833069,"z":-2.4760642051696779},"rotation":{"x":-0.0015808305470272899,"y":-0.994665265083313,"z":0.016736531630158426,"w":-0.10308713465929032},"size":-0.026836872100830079,"orthographic":false}